"","variable","value"
"1","k = 1",0.919046697626419
"2","k = 1",0.959660349969948
"3","k = 1",0.920105311355311
"4","k = 1",0.913141025641026
"5","k = 1",0.901399962696402
"6","k = 1",0.904096889952153
"7","k = 1",0.930739872872226
"8","k = 1",0.943432180564533
"9","k = 1",0.940261317629739
"10","k = 1",0.916874057315234
"11","k = 1",0.915165643180349
"12","k = 1",0.927759103641457
"13","k = 1",0.882804891187244
"14","k = 1",0.923492063492063
"15","k = 1",0.898454878454878
"16","k = 1",0.9278081232493
"17","k = 1",0.893756798756799
"18","k = 1",0.944038851585291
"19","k = 1",0.942857142857143
"20","k = 1",0.937318196509373
"21","k = 1",0.89252798285306
"22","k = 1",0.942178409825469
"23","k = 1",0.920681114551084
"24","k = 1",0.919642857142857
"25","k = 1",0.938154761904762
"26","k = 1",0.907850678733032
"27","k = 1",0.931229799612153
"28","k = 1",0.92585927960928
"29","k = 1",0.932055860805861
"30","k = 1",0.921271008403361
"31","k = 1",0.946842006033182
"32","k = 1",0.932472527472528
"33","k = 1",0.954555860805861
"34","k = 1",0.952664835164835
"35","k = 1",0.913757272139625
"36","k = 1",0.905647223004034
"37","k = 1",0.934404761904762
"38","k = 1",0.920969498337919
"39","k = 1",0.923972431077694
"40","k = 1",0.92261857294752
"41","k = 1",0.894668489405332
"42","k = 1",0.936292900426027
"43","k = 1",0.92531223893066
"44","k = 1",0.919517345399698
"45","k = 1",0.923120286576169
"46","k = 1",0.915546875724894
"47","k = 1",0.93025928320046
"48","k = 1",0.94125
"49","k = 1",0.957387057387057
"50","k = 1",0.927729419703104
"51","k = 2",0.856836709042591
"52","k = 2",0.908968253968254
"53","k = 2",0.870178571428571
"54","k = 2",0.896003075871497
"55","k = 2",0.882330870024368
"56","k = 2",0.868695651184041
"57","k = 2",0.884720965309201
"58","k = 2",0.906073911898215
"59","k = 2",0.856518440709617
"60","k = 2",0.869198717948718
"61","k = 2",0.894793956043956
"62","k = 2",0.873487819370172
"63","k = 2",0.864318751424015
"64","k = 2",0.913781512605042
"65","k = 2",0.908342311283488
"66","k = 2",0.878054298642534
"67","k = 2",0.87879329004329
"68","k = 2",0.862294495150532
"69","k = 2",0.902056277056277
"70","k = 2",0.891144329526683
"71","k = 2",0.896764408192427
"72","k = 2",0.901573206205559
"73","k = 2",0.888968946430247
"74","k = 2",0.894741165697048
"75","k = 2",0.908334500466853
"76","k = 2",0.85323780794369
"77","k = 2",0.888694488346191
"78","k = 2",0.905048701298701
"79","k = 2",0.904901960784314
"80","k = 2",0.883668569992099
"81","k = 2",0.868463811730066
"82","k = 2",0.909080298786181
"83","k = 2",0.923983336924513
"84","k = 2",0.900179141034404
"85","k = 2",0.85196222078575
"86","k = 2",0.871262626262626
"87","k = 2",0.89952380952381
"88","k = 2",0.872756132756133
"89","k = 2",0.904006755198706
"90","k = 2",0.88789592760181
"91","k = 2",0.894945054945055
"92","k = 2",0.893113538937842
"93","k = 2",0.91148486317604
"94","k = 2",0.889636393018746
"95","k = 2",0.897160633484163
"96","k = 2",0.853546484475277
"97","k = 2",0.894372129418569
"98","k = 2",0.889686230951711
"99","k = 2",0.886097015729369
"100","k = 2",0.895498338091217
"101","k = 3",0.84482706835648
"102","k = 3",0.873614178219441
"103","k = 3",0.835618460486882
"104","k = 3",0.869272247360483
"105","k = 3",0.860563829874975
"106","k = 3",0.877567498291183
"107","k = 3",0.878700980392157
"108","k = 3",0.867717413305649
"109","k = 3",0.837864547732969
"110","k = 3",0.851135401406299
"111","k = 3",0.873408209437621
"112","k = 3",0.875479495994202
"113","k = 3",0.856390056022409
"114","k = 3",0.879794423842411
"115","k = 3",0.88702380952381
"116","k = 3",0.861350373482726
"117","k = 3",0.828104216045393
"118","k = 3",0.834617571111379
"119","k = 3",0.867509398496241
"120","k = 3",0.885585138545665
"121","k = 3",0.869057943690297
"122","k = 3",0.867961095921622
"123","k = 3",0.862134659286362
"124","k = 3",0.877203996983409
"125","k = 3",0.886295367429268
"126","k = 3",0.852844896331738
"127","k = 3",0.841706349206349
"128","k = 3",0.875297619047619
"129","k = 3",0.863035983624219
"130","k = 3",0.878569800830031
"131","k = 3",0.862346640287817
"132","k = 3",0.864576763106175
"133","k = 3",0.877918282697694
"134","k = 3",0.87515873015873
"135","k = 3",0.837702452775982
"136","k = 3",0.863887577850426
"137","k = 3",0.865319974143504
"138","k = 3",0.864785067873303
"139","k = 3",0.899229855112208
"140","k = 3",0.861045333665303
"141","k = 3",0.859150326797386
"142","k = 3",0.885783132416259
"143","k = 3",0.875456349206349
"144","k = 3",0.880034461152882
"145","k = 3",0.882669234360411
"146","k = 3",0.847219184324448
"147","k = 3",0.863700399188015
"148","k = 3",0.883487933634992
"149","k = 3",0.862326276664512
"150","k = 3",0.874140896083621
"151","k = 4",0.858164160401003
"152","k = 4",0.845209949579145
"153","k = 4",0.835124612229875
"154","k = 4",0.841041531997414
"155","k = 4",0.843456558061821
"156","k = 4",0.853543385149422
"157","k = 4",0.874202741702742
"158","k = 4",0.861714429361488
"159","k = 4",0.853354550506253
"160","k = 4",0.812934981684982
"161","k = 4",0.865091575091575
"162","k = 4",0.840463621345974
"163","k = 4",0.835556722689076
"164","k = 4",0.86597079820764
"165","k = 4",0.871700007938398
"166","k = 4",0.865450140674599
"167","k = 4",0.823156255509197
"168","k = 4",0.853841544592319
"169","k = 4",0.845487923239471
"170","k = 4",0.863373015873016
"171","k = 4",0.858231882496588
"172","k = 4",0.855451803098862
"173","k = 4",0.819862278244631
"174","k = 4",0.856659035409035
"175","k = 4",0.859074014221073
"176","k = 4",0.823762838468721
"177","k = 4",0.827666810313869
"178","k = 4",0.842220695970696
"179","k = 4",0.821768745959922
"180","k = 4",0.897358316236193
"181","k = 4",0.876454591160474
"182","k = 4",0.87805360918751
"183","k = 4",0.846521582992171
"184","k = 4",0.833267166270262
"185","k = 4",0.848328305681247
"186","k = 4",0.873018626110731
"187","k = 4",0.873383968972204
"188","k = 4",0.837826479076479
"189","k = 4",0.895387129210659
"190","k = 4",0.875479633026073
"191","k = 4",0.85710384816422
"192","k = 4",0.87791395910591
"193","k = 4",0.864794794988293
"194","k = 4",0.852599206349206
"195","k = 4",0.856832668965022
"196","k = 4",0.866215373893392
"197","k = 4",0.887545428427781
"198","k = 4",0.862511202248044
"199","k = 4",0.853290043290043
"200","k = 4",0.881328320802005
"201","k = 5",0.848131313131313
"202","k = 5",0.862658011922718
"203","k = 5",0.813854770960034
"204","k = 5",0.85337370962371
"205","k = 5",0.850656709131941
"206","k = 5",0.84788862324466
"207","k = 5",0.856095371346919
"208","k = 5",0.850673705379588
"209","k = 5",0.833043195194898
"210","k = 5",0.842142600261795
"211","k = 5",0.848881673881674
"212","k = 5",0.856537176274018
"213","k = 5",0.84976917690153
"214","k = 5",0.862734445636922
"215","k = 5",0.879860066833751
"216","k = 5",0.865310996193349
"217","k = 5",0.846155788655789
"218","k = 5",0.85622653705084
"219","k = 5",0.831405073684485
"220","k = 5",0.866658676291029
"221","k = 5",0.849095022624434
"222","k = 5",0.84813619644889
"223","k = 5",0.849763989020955
"224","k = 5",0.878620074885555
"225","k = 5",0.868134909466179
"226","k = 5",0.839667569272832
"227","k = 5",0.857957351386144
"228","k = 5",0.843293650793651
"229","k = 5",0.838445557710264
"230","k = 5",0.88414254476174
"231","k = 5",0.85949389662625
"232","k = 5",0.86949623089329
"233","k = 5",0.853434514831574
"234","k = 5",0.862845637334801
"235","k = 5",0.8460407239819
"236","k = 5",0.876174545268973
"237","k = 5",0.885875888817065
"238","k = 5",0.82507215007215
"239","k = 5",0.876759678230266
"240","k = 5",0.86368378998023
"241","k = 5",0.844329122889494
"242","k = 5",0.852799367814848
"243","k = 5",0.846863806128512
"244","k = 5",0.852236407383466
"245","k = 5",0.862361111111111
"246","k = 5",0.850772406128443
"247","k = 5",0.896845238095238
"248","k = 5",0.867920168067227
"249","k = 5",0.86831598956599
"250","k = 5",0.87672514619883
"251","k = 6",0.858903057726587
"252","k = 6",0.860207390648567
"253","k = 6",0.813864367057092
"254","k = 6",0.835826510091216
"255","k = 6",0.857503817991434
"256","k = 6",0.827381760396466
"257","k = 6",0.851838414853121
"258","k = 6",0.832943305404606
"259","k = 6",0.845990537240537
"260","k = 6",0.789259660188453
"261","k = 6",0.842521126963851
"262","k = 6",0.857219051588247
"263","k = 6",0.818802308802309
"264","k = 6",0.818123518638225
"265","k = 6",0.858582202111614
"266","k = 6",0.856367776959882
"267","k = 6",0.832406955789309
"268","k = 6",0.835353551677081
"269","k = 6",0.829632414369256
"270","k = 6",0.857789194809319
"271","k = 6",0.833056812468577
"272","k = 6",0.83641393736982
"273","k = 6",0.850719242917385
"274","k = 6",0.857882538857771
"275","k = 6",0.864965633781423
"276","k = 6",0.828007636068782
"277","k = 6",0.855340982546865
"278","k = 6",0.835206284943127
"279","k = 6",0.850565048986102
"280","k = 6",0.882248225630579
"281","k = 6",0.86297514619883
"282","k = 6",0.834069974143503
"283","k = 6",0.839451357466063
"284","k = 6",0.847245789556161
"285","k = 6",0.822134238310709
"286","k = 6",0.84765873015873
"287","k = 6",0.872483031674208
"288","k = 6",0.829774531024531
"289","k = 6",0.87315233785822
"290","k = 6",0.864266458945251
"291","k = 6",0.83526862026862
"292","k = 6",0.863449642892367
"293","k = 6",0.817417027417027
"294","k = 6",0.848197586726999
"295","k = 6",0.850701716584069
"296","k = 6",0.850991019214703
"297","k = 6",0.859481089086352
"298","k = 6",0.836984559558089
"299","k = 6",0.842198773448773
"300","k = 6",0.861882855706385
"301","k = 7",0.860187969924812
"302","k = 7",0.857878600158012
"303","k = 7",0.811979805857683
"304","k = 7",0.847871572871573
"305","k = 7",0.846996278575226
"306","k = 7",0.851956295338648
"307","k = 7",0.838593006580623
"308","k = 7",0.843563606156485
"309","k = 7",0.853281214399635
"310","k = 7",0.796097374847375
"311","k = 7",0.818530848236731
"312","k = 7",0.878181577624302
"313","k = 7",0.851445449974862
"314","k = 7",0.812142857142857
"315","k = 7",0.835174963924964
"316","k = 7",0.857000991784274
"317","k = 7",0.8303522603987
"318","k = 7",0.828046667384903
"319","k = 7",0.826694600978657
"320","k = 7",0.866748904690081
"321","k = 7",0.843412698412698
"322","k = 7",0.841470588235294
"323","k = 7",0.843993411559201
"324","k = 7",0.834292436150021
"325","k = 7",0.851634542358227
"326","k = 7",0.834614778925925
"327","k = 7",0.840745798319328
"328","k = 7",0.847361111111111
"329","k = 7",0.830416191995139
"330","k = 7",0.862373737373737
"331","k = 7",0.83951894510718
"332","k = 7",0.845790014938622
"333","k = 7",0.835751110344764
"334","k = 7",0.85595642102995
"335","k = 7",0.841745133951016
"336","k = 7",0.850101959444065
"337","k = 7",0.876091255665559
"338","k = 7",0.810984848484849
"339","k = 7",0.870875888817065
"340","k = 7",0.88642504167659
"341","k = 7",0.837876984126984
"342","k = 7",0.866020523594053
"343","k = 7",0.824325396825397
"344","k = 7",0.85874183006536
"345","k = 7",0.828958557782087
"346","k = 7",0.856013851989084
"347","k = 7",0.870126452494874
"348","k = 7",0.86271871317537
"349","k = 7",0.865477790183673
"350","k = 7",0.865505050505051
"351","k = 8",0.857317898819447
"352","k = 8",0.839119246766306
"353","k = 8",0.813230524523262
"354","k = 8",0.829742063492063
"355","k = 8",0.863871159799952
"356","k = 8",0.867932067932068
"357","k = 8",0.854715007215007
"358","k = 8",0.862251519120714
"359","k = 8",0.836678650297071
"360","k = 8",0.781477491806439
"361","k = 8",0.80383834302952
"362","k = 8",0.869949095022624
"363","k = 8",0.810966566113625
"364","k = 8",0.813597285067873
"365","k = 8",0.839275512928764
"366","k = 8",0.849490487582593
"367","k = 8",0.85011021872864
"368","k = 8",0.826313682447583
"369","k = 8",0.814680744092509
"370","k = 8",0.859806660058208
"371","k = 8",0.837883358471594
"372","k = 8",0.834109477124183
"373","k = 8",0.83548957062889
"374","k = 8",0.849275035250267
"375","k = 8",0.829754365861177
"376","k = 8",0.829935634540898
"377","k = 8",0.853067061937031
"378","k = 8",0.848300011392117
"379","k = 8",0.808921926027189
"380","k = 8",0.827725155279503
"381","k = 8",0.821665608213596
"382","k = 8",0.831435947952976
"383","k = 8",0.811299714217671
"384","k = 8",0.839558389237182
"385","k = 8",0.859949723479135
"386","k = 8",0.848164730006835
"387","k = 8",0.823918863644096
"388","k = 8",0.817965367965368
"389","k = 8",0.857774186597716
"390","k = 8",0.881976495726496
"391","k = 8",0.827446267183109
"392","k = 8",0.852958324355383
"393","k = 8",0.800035941011173
"394","k = 8",0.845941173119966
"395","k = 8",0.839622312242281
"396","k = 8",0.834882091592618
"397","k = 8",0.844456596035543
"398","k = 8",0.853006366698317
"399","k = 8",0.839089635854342
"400","k = 8",0.859195526695527
"401","k = 9",0.842789840878076
"402","k = 9",0.844774008671067
"403","k = 9",0.781926576605369
"404","k = 9",0.847413697413697
"405","k = 9",0.837858400629299
"406","k = 9",0.847239864109059
"407","k = 9",0.852163865546218
"408","k = 9",0.853695369388094
"409","k = 9",0.870382862751284
"410","k = 9",0.806138224520577
"411","k = 9",0.810387488328665
"412","k = 9",0.870645065718595
"413","k = 9",0.807015920096415
"414","k = 9",0.8050930115636
"415","k = 9",0.854177473713077
"416","k = 9",0.820124458874459
"417","k = 9",0.829384437372053
"418","k = 9",0.826771978021978
"419","k = 9",0.808063301078007
"420","k = 9",0.853308419736438
"421","k = 9",0.833034816490699
"422","k = 9",0.822681713711125
"423","k = 9",0.829056268808591
"424","k = 9",0.834901601666308
"425","k = 9",0.853600366351914
"426","k = 9",0.839667569272832
"427","k = 9",0.851856909430439
"428","k = 9",0.844577497665733
"429","k = 9",0.822633147726027
"430","k = 9",0.834865947493825
"431","k = 9",0.830694354664943
"432","k = 9",0.826772247360483
"433","k = 9",0.79493305284327
"434","k = 9",0.84912824189914
"435","k = 9",0.837345339129395
"436","k = 9",0.855555555555556
"437","k = 9",0.829110195789762
"438","k = 9",0.799616070204305
"439","k = 9",0.88711978381096
"440","k = 9",0.818841575091575
"441","k = 9",0.840371762740184
"442","k = 9",0.831037537024379
"443","k = 9",0.803216619981326
"444","k = 9",0.849583602671838
"445","k = 9",0.836563869137399
"446","k = 9",0.839167805878332
"447","k = 9",0.857789929368877
"448","k = 9",0.85712328521152
"449","k = 9",0.840353535353535
"450","k = 9",0.851182328350521
"451","k = 10",0.773769094682407
"452","k = 10",0.841764599779306
"453","k = 10",0.774512587086116
"454","k = 10",0.821100223306106
"455","k = 10",0.84268771304375
"456","k = 10",0.825202991452991
"457","k = 10",0.824246031746032
"458","k = 10",0.852165356573251
"459","k = 10",0.872168577036998
"460","k = 10",0.786183473389356
"461","k = 10",0.796498599439776
"462","k = 10",0.856006787330317
"463","k = 10",0.803056884635832
"464","k = 10",0.776735778841042
"465","k = 10",0.840844140379744
"466","k = 10",0.817158209437621
"467","k = 10",0.811309523809524
"468","k = 10",0.812003727696452
"469","k = 10",0.821440037430749
"470","k = 10",0.872143261794965
"471","k = 10",0.826796667384903
"472","k = 10",0.805231815398224
"473","k = 10",0.826384546825723
"474","k = 10",0.811024531024531
"475","k = 10",0.834139060114292
"476","k = 10",0.82695994794679
"477","k = 10",0.827438097248469
"478","k = 10",0.826074991400069
"479","k = 10",0.814800330388566
"480","k = 10",0.861230595917297
"481","k = 10",0.813858975991329
"482","k = 10",0.831292016806723
"483","k = 10",0.797179237601064
"484","k = 10",0.853130431659843
"485","k = 10",0.811529380062662
"486","k = 10",0.82890768588137
"487","k = 10",0.821122423328306
"488","k = 10",0.798781781943547
"489","k = 10",0.84872775143673
"490","k = 10",0.807023809523809
"491","k = 10",0.838412698412698
"492","k = 10",0.824096907993967
"493","k = 10",0.787212016569602
"494","k = 10",0.823095507433743
"495","k = 10",0.860250952607764
"496","k = 10",0.83579664229819
"497","k = 10",0.862040612895876
"498","k = 10",0.840264041514042
"499","k = 10",0.810465580171463
"500","k = 10",0.831565395388925
"501","k = 11",0.787455469367234
"502","k = 11",0.841999462955345
"503","k = 11",0.777694405267935
"504","k = 11",0.778953685203685
"505","k = 11",0.856499202551834
"506","k = 11",0.828095238095238
"507","k = 11",0.843824637694607
"508","k = 11",0.848904262662003
"509","k = 11",0.858519309637731
"510","k = 11",0.793240501328737
"511","k = 11",0.796705451411334
"512","k = 11",0.869195696374489
"513","k = 11",0.792693029364856
"514","k = 11",0.784116731221994
"515","k = 11",0.851281546111267
"516","k = 11",0.813928571428571
"517","k = 11",0.838494816586922
"518","k = 11",0.832129120879121
"519","k = 11",0.816846735995343
"520","k = 11",0.864738741650506
"521","k = 11",0.820148315736551
"522","k = 11",0.811544297206062
"523","k = 11",0.840887503486777
"524","k = 11",0.794818631660737
"525","k = 11",0.835534594404563
"526","k = 11",0.817669835492726
"527","k = 11",0.820714285714286
"528","k = 11",0.846964285714286
"529","k = 11",0.818696581196581
"530","k = 11",0.860151515151515
"531","k = 11",0.831229728733599
"532","k = 11",0.853386591478697
"533","k = 11",0.792399825836358
"534","k = 11",0.846959182887975
"535","k = 11",0.817524136939772
"536","k = 11",0.818674261754757
"537","k = 11",0.834867216117216
"538","k = 11",0.791909609997845
"539","k = 11",0.836034321715436
"540","k = 11",0.797222222222222
"541","k = 11",0.825083213999623
"542","k = 11",0.797311732385262
"543","k = 11",0.76427736350337
"544","k = 11",0.839016375781082
"545","k = 11",0.863485599367952
"546","k = 11",0.842224405711248
"547","k = 11",0.867933470038733
"548","k = 11",0.833054298642534
"549","k = 11",0.824051818494543
"550","k = 11",0.832777777777778
"551","k = 12",0.780431659843425
"552","k = 12",0.820007974481659
"553","k = 12",0.761520868659615
"554","k = 12",0.772579365079365
"555","k = 12",0.847826502702664
"556","k = 12",0.796904761904762
"557","k = 12",0.828803059685413
"558","k = 12",0.842575757575758
"559","k = 12",0.846646825396825
"560","k = 12",0.781561216990784
"561","k = 12",0.768988095238095
"562","k = 12",0.806619622207858
"563","k = 12",0.791407998606141
"564","k = 12",0.779420520999468
"565","k = 12",0.847635850991114
"566","k = 12",0.793793722617252
"567","k = 12",0.827795554119084
"568","k = 12",0.813333333333333
"569","k = 12",0.792290634202399
"570","k = 12",0.813648728722258
"571","k = 12",0.784599673202614
"572","k = 12",0.786330716497125
"573","k = 12",0.847397891963109
"574","k = 12",0.811213919379554
"575","k = 12",0.772017164122427
"576","k = 12",0.793045773194515
"577","k = 12",0.820714285714286
"578","k = 12",0.833630952380952
"579","k = 12",0.816536131996658
"580","k = 12",0.846660202542555
"581","k = 12",0.813236910148675
"582","k = 12",0.841738816738817
"583","k = 12",0.772814422419686
"584","k = 12",0.849123946229209
"585","k = 12",0.797593130553657
"586","k = 12",0.799199110143383
"587","k = 12",0.835061139840552
"588","k = 12",0.764513105573477
"589","k = 12",0.825509681237235
"590","k = 12",0.792480158730159
"591","k = 12",0.81061974789916
"592","k = 12",0.803667313079078
"593","k = 12",0.748307567045957
"594","k = 12",0.817885423400129
"595","k = 12",0.827798427063133
"596","k = 12",0.849218500797448
"597","k = 12",0.860134426976532
"598","k = 12",0.817843406593407
"599","k = 12",0.818805018510901
"600","k = 12",0.814343173166703
"601","k = 13",0.782342885872298
"602","k = 13",0.821498403986794
"603","k = 13",0.771200898774428
"604","k = 13",0.78066742081448
"605","k = 13",0.846960203539151
"606","k = 13",0.790817173023055
"607","k = 13",0.801907814837381
"608","k = 13",0.828065570909998
"609","k = 13",0.833006535947712
"610","k = 13",0.764630467571644
"611","k = 13",0.770297619047619
"612","k = 13",0.820954878454878
"613","k = 13",0.76708952811894
"614","k = 13",0.764215937571201
"615","k = 13",0.850354104959368
"616","k = 13",0.812806103854866
"617","k = 13",0.823343256330872
"618","k = 13",0.779345238095238
"619","k = 13",0.794274761186526
"620","k = 13",0.830467571644042
"621","k = 13",0.790203675323644
"622","k = 13",0.801586659384647
"623","k = 13",0.840259061543891
"624","k = 13",0.816454773296879
"625","k = 13",0.779960693331436
"626","k = 13",0.781717302305538
"627","k = 13",0.815949343054606
"628","k = 13",0.801309523809524
"629","k = 13",0.803491165697048
"630","k = 13",0.846660202542555
"631","k = 13",0.798978668390433
"632","k = 13",0.838961038961039
"633","k = 13",0.765651364888981
"634","k = 13",0.837659299764563
"635","k = 13",0.785931538361879
"636","k = 13",0.836503929507025
"637","k = 13",0.806744987468672
"638","k = 13",0.759657670760612
"639","k = 13",0.808797869227436
"640","k = 13",0.776607142857143
"641","k = 13",0.78687302506575
"642","k = 13",0.778519011947805
"643","k = 13",0.777321428571429
"644","k = 13",0.813738692937609
"645","k = 13",0.820982206647841
"646","k = 13",0.837313738892686
"647","k = 13",0.853489025594289
"648","k = 13",0.796773324714501
"649","k = 13",0.809151926504868
"650","k = 13",0.817013215542627
"651","k = 14",0.787979871435754
"652","k = 14",0.813818934763207
"653","k = 14",0.781008574758575
"654","k = 14",0.775905516052575
"655","k = 14",0.832521953450746
"656","k = 14",0.799794584500467
"657","k = 14",0.800338917618329
"658","k = 14",0.828030122612166
"659","k = 14",0.819972919237625
"660","k = 14",0.770508780435251
"661","k = 14",0.778690476190476
"662","k = 14",0.799976731215121
"663","k = 14",0.748565250538935
"664","k = 14",0.785940978955685
"665","k = 14",0.849699612393111
"666","k = 14",0.800676578323637
"667","k = 14",0.808541669029285
"668","k = 14",0.767689883645766
"669","k = 14",0.776345256051138
"670","k = 14",0.815473660326602
"671","k = 14",0.788465219421102
"672","k = 14",0.799261204481793
"673","k = 14",0.822350785179733
"674","k = 14",0.828378266470372
"675","k = 14",0.807223985165162
"676","k = 14",0.770161243984773
"677","k = 14",0.82594198113548
"678","k = 14",0.793511904761905
"679","k = 14",0.804940476190476
"680","k = 14",0.840617942429088
"681","k = 14",0.787792322057028
"682","k = 14",0.797140971773325
"683","k = 14",0.771552481316413
"684","k = 14",0.828730728335991
"685","k = 14",0.809291177089165
"686","k = 14",0.836534636673956
"687","k = 14",0.804959273182957
"688","k = 14",0.748238326431051
"689","k = 14",0.813571297123929
"690","k = 14",0.784198717948718
"691","k = 14",0.785354025059907
"692","k = 14",0.771665409753645
"693","k = 14",0.789140749601276
"694","k = 14",0.817219259498671
"695","k = 14",0.831433419521655
"696","k = 14",0.829593301435407
"697","k = 14",0.828818336805953
"698","k = 14",0.803650614091791
"699","k = 14",0.799218902872154
"700","k = 14",0.820755693581781
"701","k = 15",0.774547827903091
"702","k = 15",0.835
"703","k = 15",0.774285904154325
"704","k = 15",0.783052413273001
"705","k = 15",0.828319401616615
"706","k = 15",0.808473389355742
"707","k = 15",0.79258951016304
"708","k = 15",0.824766214177979
"709","k = 15",0.803376639700169
"710","k = 15",0.771376499317676
"711","k = 15",0.763134561516915
"712","k = 15",0.763968253968254
"713","k = 15",0.786141707879324
"714","k = 15",0.766562988525063
"715","k = 15",0.8208501367054
"716","k = 15",0.812986335559865
"717","k = 15",0.790748932440109
"718","k = 15",0.764251777634131
"719","k = 15",0.772808931264814
"720","k = 15",0.829566634346046
"721","k = 15",0.785377792142498
"722","k = 15",0.798862044817927
"723","k = 15",0.810688105753895
"724","k = 15",0.832062476996688
"725","k = 15",0.787731092436975
"726","k = 15",0.764662698412698
"727","k = 15",0.814734701572937
"728","k = 15",0.799107142857143
"729","k = 15",0.81156321748427
"730","k = 15",0.812460317460317
"731","k = 15",0.77421480480304
"732","k = 15",0.798087663970017
"733","k = 15",0.774885814649747
"734","k = 15",0.802723910076851
"735","k = 15",0.806984831473996
"736","k = 15",0.813153959044052
"737","k = 15",0.816107028935976
"738","k = 15",0.75105930833872
"739","k = 15",0.802862353075201
"740","k = 15",0.790423027265133
"741","k = 15",0.796874326653738
"742","k = 15",0.785346907993967
"743","k = 15",0.782440476190476
"744","k = 15",0.788558517505886
"745","k = 15",0.852099044746104
"746","k = 15",0.812366318322201
"747","k = 15",0.819858327946563
"748","k = 15",0.806705319534267
"749","k = 15",0.81765246449457
"750","k = 15",0.808283056812469
"751","k = 16",0.765844645550528
"752","k = 16",0.810170670832436
"753","k = 16",0.775858185931715
"754","k = 16",0.78635989010989
"755","k = 16",0.811636125742163
"756","k = 16",0.776697191697192
"757","k = 16",0.767323762838469
"758","k = 16",0.822500047252369
"759","k = 16",0.78035753462224
"760","k = 16",0.780958755296991
"761","k = 16",0.756904761904762
"762","k = 16",0.806753393665158
"763","k = 16",0.800308515014397
"764","k = 16",0.805789568618516
"765","k = 16",0.824157363104732
"766","k = 16",0.805714285714286
"767","k = 16",0.778546551487728
"768","k = 16",0.778007343963226
"769","k = 16",0.788480661495367
"770","k = 16",0.803500053867701
"771","k = 16",0.792808931264814
"772","k = 16",0.779294678489725
"773","k = 16",0.822171590486808
"774","k = 16",0.826163259255364
"775","k = 16",0.793519446240034
"776","k = 16",0.782738095238095
"777","k = 16",0.815283179153148
"778","k = 16",0.792201559190723
"779","k = 16",0.804896550817603
"780","k = 16",0.823353174603175
"781","k = 16",0.790954192865958
"782","k = 16",0.8050988472312
"783","k = 16",0.779832651438689
"784","k = 16",0.790526018099547
"785","k = 16",0.818217324471194
"786","k = 16",0.81760616017969
"787","k = 16",0.808947368421053
"788","k = 16",0.766890236956026
"789","k = 16",0.784549456821129
"790","k = 16",0.811904761904762
"791","k = 16",0.796683545212957
"792","k = 16",0.778163650075415
"793","k = 16",0.782440476190476
"794","k = 16",0.792781745258525
"795","k = 16",0.827408103592314
"796","k = 16",0.802254901960784
"797","k = 16",0.82005334577703
"798","k = 16",0.813449224923683
"799","k = 16",0.825985797827903
"800","k = 16",0.805505279034691
"801","k = 17",0.762392549401063
"802","k = 17",0.818364845938375
"803","k = 17",0.775909090909091
"804","k = 17",0.782101917690153
"805","k = 17",0.792349888673418
"806","k = 17",0.802962723550959
"807","k = 17",0.792182988580047
"808","k = 17",0.819793385149422
"809","k = 17",0.793587662337662
"810","k = 17",0.792540360825965
"811","k = 17",0.773445376432993
"812","k = 17",0.771825396825397
"813","k = 17",0.794992762991484
"814","k = 17",0.796790071383725
"815","k = 17",0.806335274632488
"816","k = 17",0.811545195001077
"817","k = 17",0.791764069264069
"818","k = 17",0.796415643180349
"819","k = 17",0.790563994828701
"820","k = 17",0.79875520721109
"821","k = 17",0.78172619047619
"822","k = 17",0.803769199067187
"823","k = 17",0.81980293828978
"824","k = 17",0.817822710914816
"825","k = 17",0.79528066747494
"826","k = 17",0.780581377686641
"827","k = 17",0.832818462497255
"828","k = 17",0.789348007513642
"829","k = 17",0.804896550817603
"830","k = 17",0.799268626110731
"831","k = 17",0.780698192192337
"832","k = 17",0.784927817280758
"833","k = 17",0.795508563074353
"834","k = 17",0.780409035409035
"835","k = 17",0.815321396869385
"836","k = 17",0.80784539462945
"837","k = 17",0.810154647983595
"838","k = 17",0.756369047619048
"839","k = 17",0.774113365135037
"840","k = 17",0.811904761904762
"841","k = 17",0.785030165912519
"842","k = 17",0.786574373339079
"843","k = 17",0.777321428571429
"844","k = 17",0.790755168464147
"845","k = 17",0.827831035923141
"846","k = 17",0.796224652540442
"847","k = 17",0.808367898441428
"848","k = 17",0.813220887299835
"849","k = 17",0.839035697274861
"850","k = 17",0.777220429545776
"851","k = 18",0.770154378215524
"852","k = 18",0.813660400057459
"853","k = 18",0.776582167832168
"854","k = 18",0.795416666666667
"855","k = 18",0.766940836940837
"856","k = 18",0.816692882281118
"857","k = 18",0.792380952380952
"858","k = 18",0.829761487222788
"859","k = 18",0.808012281835811
"860","k = 18",0.798720584111451
"861","k = 18",0.775984342454931
"862","k = 18",0.775381562881563
"863","k = 18",0.797644400569592
"864","k = 18",0.786204122674711
"865","k = 18",0.822898534214324
"866","k = 18",0.797722742943331
"867","k = 18",0.815437675070028
"868","k = 18",0.783670634920635
"869","k = 18",0.780179379444085
"870","k = 18",0.789310762766645
"871","k = 18",0.776567181528482
"872","k = 18",0.812394925765669
"873","k = 18",0.798632797408541
"874","k = 18",0.817708410011042
"875","k = 18",0.780861361290928
"876","k = 18",0.779634520536223
"877","k = 18",0.83016179726706
"878","k = 18",0.801706349206349
"879","k = 18",0.800211407529519
"880","k = 18",0.801130952380952
"881","k = 18",0.774932641953102
"882","k = 18",0.793706008044243
"883","k = 18",0.799308428499605
"884","k = 18",0.794082812612224
"885","k = 18",0.792362713395995
"886","k = 18",0.797389971139971
"887","k = 18",0.810154647983595
"888","k = 18",0.747550366300366
"889","k = 18",0.802548646743693
"890","k = 18",0.795105580693816
"891","k = 18",0.798513138048742
"892","k = 18",0.786524769090559
"893","k = 18",0.7975
"894","k = 18",0.780614815181379
"895","k = 18",0.804627847642554
"896","k = 18",0.791878275233538
"897","k = 18",0.799144401350284
"898","k = 18",0.795912656315133
"899","k = 18",0.830601810899799
"900","k = 18",0.803373015873016
"901","k = 19",0.770080759024257
"902","k = 19",0.823730158730159
"903","k = 19",0.776582167832168
"904","k = 19",0.787252747252747
"905","k = 19",0.793201357466063
"906","k = 19",0.798550958845077
"907","k = 19",0.791785714285714
"908","k = 19",0.82074942085778
"909","k = 19",0.802118553960659
"910","k = 19",0.806688123967536
"911","k = 19",0.777023450405803
"912","k = 19",0.806123737373737
"913","k = 19",0.80790520753756
"914","k = 19",0.82041047188106
"915","k = 19",0.817789288454923
"916","k = 19",0.798432868730856
"917","k = 19",0.815437675070028
"918","k = 19",0.789679756517992
"919","k = 19",0.786548427063133
"920","k = 19",0.788981092436975
"921","k = 19",0.786466727716728
"922","k = 19",0.782294853838971
"923","k = 19",0.804533913835973
"924","k = 19",0.831135056893571
"925","k = 19",0.816063305889157
"926","k = 19",0.781316851363291
"927","k = 19",0.835749673443172
"928","k = 19",0.818134561516914
"929","k = 19",0.802670585778171
"930","k = 19",0.819311732385262
"931","k = 19",0.773678242757527
"932","k = 19",0.800771026359262
"933","k = 19",0.788888888888889
"934","k = 19",0.768298275511898
"935","k = 19",0.815321396869385
"936","k = 19",0.800163591138823
"937","k = 19",0.810154647983595
"938","k = 19",0.772054783451842
"939","k = 19",0.799651251741035
"940","k = 19",0.801884920634921
"941","k = 19",0.804755057893603
"942","k = 19",0.785813492063492
"943","k = 19",0.772542016806723
"944","k = 19",0.785119047619048
"945","k = 19",0.8229648834138
"946","k = 19",0.775261589545645
"947","k = 19",0.809750878636328
"948","k = 19",0.810039682539683
"949","k = 19",0.821661010558069
"950","k = 19",0.821050732892838
"951","k = 20",0.760564084608202
"952","k = 20",0.813274348200819
"953","k = 20",0.774909412482942
"954","k = 20",0.777354465709729
"955","k = 20",0.78844825109531
"956","k = 20",0.790417833800187
"957","k = 20",0.79327380952381
"958","k = 20",0.800598086124402
"959","k = 20",0.827266544944564
"960","k = 20",0.785513976477599
"961","k = 20",0.781433318143844
"962","k = 20",0.795028337675396
"963","k = 20",0.792859591389003
"964","k = 20",0.829409969115852
"965","k = 20",0.817789288454923
"966","k = 20",0.818092814048696
"967","k = 20",0.801211484593838
"968","k = 20",0.769013682396035
"969","k = 20",0.780179379444085
"970","k = 20",0.782135854341737
"971","k = 20",0.785216727716728
"972","k = 20",0.788889593378758
"973","k = 20",0.786866804692892
"974","k = 20",0.831135056893571
"975","k = 20",0.810884734460586
"976","k = 20",0.771908263305322
"977","k = 20",0.821807365750864
"978","k = 20",0.791762281835811
"979","k = 20",0.796154295051354
"980","k = 20",0.812797619047619
"981","k = 20",0.784828537475596
"982","k = 20",0.794603174603175
"983","k = 20",0.788888888888889
"984","k = 20",0.759886159592042
"985","k = 20",0.79966157681328
"986","k = 20",0.799221064023696
"987","k = 20",0.805768683071315
"988","k = 20",0.759940476190476
"989","k = 20",0.799770868965915
"990","k = 20",0.807440476190476
"991","k = 20",0.798045181942241
"992","k = 20",0.781465245281035
"993","k = 20",0.772542016806723
"994","k = 20",0.779180337206653
"995","k = 20",0.819835004177109
"996","k = 20",0.762738095238095
"997","k = 20",0.779403235653236
"998","k = 20",0.798630952380952
"999","k = 20",0.791161746749982
"1000","k = 20",0.807599301283512
"1001","k = 21",0.77152616174675
"1002","k = 21",0.809038551317963
"1003","k = 21",0.801230158730159
"1004","k = 21",0.789840729445993
"1005","k = 21",0.795966224178298
"1006","k = 21",0.795080532212885
"1007","k = 21",0.779880952380952
"1008","k = 21",0.795500119075971
"1009","k = 21",0.812266544944564
"1010","k = 21",0.791474628312864
"1011","k = 21",0.777157519982597
"1012","k = 21",0.805826118326118
"1013","k = 21",0.80342978100331
"1014","k = 21",0.820917905623788
"1015","k = 21",0.809343932641146
"1016","k = 21",0.804629928894635
"1017","k = 21",0.791764069264069
"1018","k = 21",0.771488095238095
"1019","k = 21",0.78952380952381
"1020","k = 21",0.782135854341737
"1021","k = 21",0.783126391582274
"1022","k = 21",0.782294853838971
"1023","k = 21",0.818715200385681
"1024","k = 21",0.817360468908456
"1025","k = 21",0.803277268397237
"1026","k = 21",0.776763987646341
"1027","k = 21",0.839353677368383
"1028","k = 21",0.798511904761905
"1029","k = 21",0.806858528898003
"1030","k = 21",0.797573637147167
"1031","k = 21",0.776784294137235
"1032","k = 21",0.801565036270919
"1033","k = 21",0.795836168475487
"1034","k = 21",0.80114648423472
"1035","k = 21",0.823178539726527
"1036","k = 21",0.813608001905216
"1037","k = 21",0.815178571428571
"1038","k = 21",0.744903307476837
"1039","k = 21",0.786928104575163
"1040","k = 21",0.798348296440402
"1041","k = 21",0.798513138048742
"1042","k = 21",0.799011003616267
"1043","k = 21",0.775143825472773
"1044","k = 21",0.815313453316549
"1045","k = 21",0.806133705475811
"1046","k = 21",0.765001139211666
"1047","k = 21",0.786728117084154
"1048","k = 21",0.817123015873016
"1049","k = 21",0.807757402556164
"1050","k = 21",0.816463051911968
"1051","k = 22",0.770140056022409
"1052","k = 22",0.79801048624578
"1053","k = 22",0.794434748258278
"1054","k = 22",0.785628275233538
"1055","k = 22",0.776793043557749
"1056","k = 22",0.7897848883143
"1057","k = 22",0.78088316095669
"1058","k = 22",0.81574942085778
"1059","k = 22",0.786177565124934
"1060","k = 22",0.786795483927837
"1061","k = 22",0.773590939504252
"1062","k = 22",0.80530094174831
"1063","k = 22",0.797919115198527
"1064","k = 22",0.838095238095238
"1065","k = 22",0.814820123117337
"1066","k = 22",0.792116192630898
"1067","k = 22",0.806168831168831
"1068","k = 22",0.764166666666667
"1069","k = 22",0.798323098470157
"1070","k = 22",0.798043255763844
"1071","k = 22",0.783126391582274
"1072","k = 22",0.778973665223665
"1073","k = 22",0.818715200385681
"1074","k = 22",0.817360468908456
"1075","k = 22",0.792638170652877
"1076","k = 22",0.785660285706725
"1077","k = 22",0.834194947209653
"1078","k = 22",0.80070080504291
"1079","k = 22",0.813157894736842
"1080","k = 22",0.818623590461826
"1081","k = 22",0.77920866005265
"1082","k = 22",0.808112655318538
"1083","k = 22",0.800412536809596
"1084","k = 22",0.785962974933563
"1085","k = 22",0.828654730202718
"1086","k = 22",0.795307705710182
"1087","k = 22",0.809366246498599
"1088","k = 22",0.746838592693856
"1089","k = 22",0.786928104575163
"1090","k = 22",0.779798684287848
"1091","k = 22",0.803319352216411
"1092","k = 22",0.810956256076225
"1093","k = 22",0.773556166056166
"1094","k = 22",0.809361072364168
"1095","k = 22",0.814197700304511
"1096","k = 22",0.780655901116427
"1097","k = 22",0.798453996983409
"1098","k = 22",0.830515873015873
"1099","k = 22",0.800555021603783
"1100","k = 22",0.824821523505734
"1101","k = 23",0.77152616174675
"1102","k = 23",0.803054298642534
"1103","k = 23",0.805455671779201
"1104","k = 23",0.786997322852586
"1105","k = 23",0.792559074912016
"1106","k = 23",0.778890056022409
"1107","k = 23",0.785297619047619
"1108","k = 23",0.800000847180818
"1109","k = 23",0.804176065162907
"1110","k = 23",0.790247864880218
"1111","k = 23",0.772987262135869
"1112","k = 23",0.806687342585175
"1113","k = 23",0.815190242763772
"1114","k = 23",0.826870286576169
"1115","k = 23",0.824250398724083
"1116","k = 23",0.805200028729441
"1117","k = 23",0.800037878787879
"1118","k = 23",0.775858920491273
"1119","k = 23",0.798323098470157
"1120","k = 23",0.802281746031746
"1121","k = 23",0.783126391582274
"1122","k = 23",0.790658263305322
"1123","k = 23",0.818715200385681
"1124","k = 23",0.812999186915596
"1125","k = 23",0.786145723471575
"1126","k = 23",0.776449759390936
"1127","k = 23",0.839353677368383
"1128","k = 23",0.792066261481896
"1129","k = 23",0.820204678362573
"1130","k = 23",0.803825971414207
"1131","k = 23",0.780987035839977
"1132","k = 23",0.815933541862334
"1133","k = 23",0.790693149729527
"1134","k = 23",0.804466171513385
"1135","k = 23",0.797475400416577
"1136","k = 23",0.80317206357454
"1137","k = 23",0.790289915193166
"1138","k = 23",0.739900793650794
"1139","k = 23",0.791402760036661
"1140","k = 23",0.785491422921763
"1141","k = 23",0.797188399835459
"1142","k = 23",0.817764490411549
"1143","k = 23",0.76343253968254
"1144","k = 23",0.817425067192869
"1145","k = 23",0.792919074389663
"1146","k = 23",0.794953314659197
"1147","k = 23",0.798453996983409
"1148","k = 23",0.816846046110752
"1149","k = 23",0.806174373012608
"1150","k = 23",0.802015661683854
"1151","k = 24",0.785299731228524
"1152","k = 24",0.811667744020685
"1153","k = 24",0.799434938126889
"1154","k = 24",0.799171692600485
"1155","k = 24",0.78478372118078
"1156","k = 24",0.79327497665733
"1157","k = 24",0.777498383968972
"1158","k = 24",0.800000847180818
"1159","k = 24",0.808740126832232
"1160","k = 24",0.809528841901133
"1161","k = 24",0.76558428499605
"1162","k = 24",0.833258904837852
"1163","k = 24",0.789522283272283
"1164","k = 24",0.828191021225077
"1165","k = 24",0.81377155008734
"1166","k = 24",0.785178571428572
"1167","k = 24",0.796037369493252
"1168","k = 24",0.770202542555484
"1169","k = 24",0.79430753070459
"1170","k = 24",0.773571428571429
"1171","k = 24",0.783126391582274
"1172","k = 24",0.777616892911011
"1173","k = 24",0.80454032809296
"1174","k = 24",0.81233654546348
"1175","k = 24",0.764062163326869
"1176","k = 24",0.797468291941976
"1177","k = 24",0.83640873015873
"1178","k = 24",0.779990238090083
"1179","k = 24",0.809824561403509
"1180","k = 24",0.803825971414207
"1181","k = 24",0.770939648586707
"1182","k = 24",0.801353246426776
"1183","k = 24",0.801302760706785
"1184","k = 24",0.77238427422251
"1185","k = 24",0.795122684333211
"1186","k = 24",0.80317206357454
"1187","k = 24",0.788062485759854
"1188","k = 24",0.738126281613124
"1189","k = 24",0.796545778782621
"1190","k = 24",0.77824702516266
"1191","k = 24",0.789640637140637
"1192","k = 24",0.803678519622792
"1193","k = 24",0.76343253968254
"1194","k = 24",0.794877344877345
"1195","k = 24",0.79365032842974
"1196","k = 24",0.783424010629893
"1197","k = 24",0.806561085972851
"1198","k = 24",0.820772808203149
"1199","k = 24",0.800638658726894
"1200","k = 24",0.804161464610381
"1201","k = 25",0.787455469367234
"1202","k = 25",0.798460730446025
"1203","k = 25",0.805455671779201
"1204","k = 25",0.78143359736239
"1205","k = 25",0.766773474203815
"1206","k = 25",0.781162783295136
"1207","k = 25",0.777498383968972
"1208","k = 25",0.794846059513242
"1209","k = 25",0.794622541201489
"1210","k = 25",0.777028731072849
"1211","k = 25",0.768048193636429
"1212","k = 25",0.784495831825553
"1213","k = 25",0.787016292530998
"1214","k = 25",0.830612116641528
"1215","k = 25",0.824463929603249
"1216","k = 25",0.785178571428572
"1217","k = 25",0.803239750445633
"1218","k = 25",0.775858920491273
"1219","k = 25",0.793361883214824
"1220","k = 25",0.789177978883861
"1221","k = 25",0.787538156288156
"1222","k = 25",0.760472240607689
"1223","k = 25",0.802890584647551
"1224","k = 25",0.812999186915596
"1225","k = 25",0.780966925231631
"1226","k = 25",0.780897034252297
"1227","k = 25",0.837142857142857
"1228","k = 25",0.783786091359621
"1229","k = 25",0.800885167464115
"1230","k = 25",0.800982367305897
"1231","k = 25",0.764128503075871
"1232","k = 25",0.824990143155778
"1233","k = 25",0.789236395699244
"1234","k = 25",0.793595220568905
"1235","k = 25",0.810359477124183
"1236","k = 25",0.80317206357454
"1237","k = 25",0.786094070188497
"1238","k = 25",0.752545587797136
"1239","k = 25",0.784087481146305
"1240","k = 25",0.785491422921763
"1241","k = 25",0.783398717295776
"1242","k = 25",0.827858758888171
"1243","k = 25",0.773313492063492
"1244","k = 25",0.792246990195907
"1245","k = 25",0.796328899858312
"1246","k = 25",0.804455756661639
"1247","k = 25",0.792986425339367
"1248","k = 25",0.826381526969762
"1249","k = 25",0.807841039679275
"1250","k = 25",0.814215462899673
"1251","k = 26",0.786449806643305
"1252","k = 26",0.797124452345041
"1253","k = 26",0.813789005112534
"1254","k = 26",0.77255162149512
"1255","k = 26",0.804312468577174
"1256","k = 26",0.756379233511586
"1257","k = 26",0.785218253968254
"1258","k = 26",0.791536649624885
"1259","k = 26",0.784901960784314
"1260","k = 26",0.801603821015586
"1261","k = 26",0.780198053580407
"1262","k = 26",0.787247027997802
"1263","k = 26",0.784760378510378
"1264","k = 26",0.83689416792358
"1265","k = 26",0.816031366294524
"1266","k = 26",0.791924603174603
"1267","k = 26",0.797079562594268
"1268","k = 26",0.769847015729369
"1269","k = 26",0.789346315449257
"1270","k = 26",0.783166074121956
"1271","k = 26",0.787538156288156
"1272","k = 26",0.774090802987862
"1273","k = 26",0.806217503723898
"1274","k = 26",0.812884886011821
"1275","k = 26",0.780966925231631
"1276","k = 26",0.785660285706725
"1277","k = 26",0.820019841269841
"1278","k = 26",0.77033487754076
"1279","k = 26",0.784066985645933
"1280","k = 26",0.790734126984127
"1281","k = 26",0.775110494940216
"1282","k = 26",0.814861111111111
"1283","k = 26",0.800034176349966
"1284","k = 26",0.808120286576169
"1285","k = 26",0.810359477124183
"1286","k = 26",0.807390199669611
"1287","k = 26",0.7759133152709
"1288","k = 26",0.719554853041695
"1289","k = 26",0.772806115453174
"1290","k = 26",0.779539041969383
"1291","k = 26",0.772771427918487
"1292","k = 26",0.81441688213747
"1293","k = 26",0.768849206349206
"1294","k = 26",0.802941339706046
"1295","k = 26",0.790035822021116
"1296","k = 26",0.779680283596692
"1297","k = 26",0.789934820081879
"1298","k = 26",0.831892192774546
"1299","k = 26",0.791890544096426
"1300","k = 26",0.821358320042531
"1301","k = 27",0.802856245062127
"1302","k = 27",0.816734539969834
"1303","k = 27",0.813789005112534
"1304","k = 27",0.786997322852586
"1305","k = 27",0.786196850535086
"1306","k = 27",0.768781830914184
"1307","k = 27",0.791716494290024
"1308","k = 27",0.790032745107452
"1309","k = 27",0.780050817775276
"1310","k = 27",0.784654353644292
"1311","k = 27",0.766623392946922
"1312","k = 27",0.805635613096913
"1313","k = 27",0.773441631897514
"1314","k = 27",0.813784703858233
"1315","k = 27",0.80612755837214
"1316","k = 27",0.784848182862889
"1317","k = 27",0.787215219421102
"1318","k = 27",0.769847015729369
"1319","k = 27",0.782920976082741
"1320","k = 27",0.789177978883861
"1321","k = 27",0.787538156288156
"1322","k = 27",0.780699023199023
"1323","k = 27",0.811337120948778
"1324","k = 27",0.791491731952258
"1325","k = 27",0.770680887739711
"1326","k = 27",0.782633549371165
"1327","k = 27",0.82553267638794
"1328","k = 27",0.783786091359621
"1329","k = 27",0.804043062200957
"1330","k = 27",0.804295859369389
"1331","k = 27",0.766552868991286
"1332","k = 27",0.805621023713129
"1333","k = 27",0.78417687188972
"1334","k = 27",0.813885836815403
"1335","k = 27",0.795694354664943
"1336","k = 27",0.796822857225334
"1337","k = 27",0.787711447908816
"1338","k = 27",0.733423900660743
"1339","k = 27",0.793099547511312
"1340","k = 27",0.788421989087624
"1341","k = 27",0.779501748251748
"1342","k = 27",0.812631706528765
"1343","k = 27",0.768551587301587
"1344","k = 27",0.79846870965292
"1345","k = 27",0.779003863783275
"1346","k = 27",0.790083674495439
"1347","k = 27",0.781491057961646
"1348","k = 27",0.804370286576169
"1349","k = 27",0.791890544096426
"1350","k = 27",0.805856991305908
"1351","k = 28",0.811528944911298
"1352","k = 28",0.803936920922215
"1353","k = 28",0.771255068460951
"1354","k = 28",0.778425894281157
"1355","k = 28",0.804381598793363
"1356","k = 28",0.770902463549522
"1357","k = 28",0.7750290885585
"1358","k = 28",0.795692281649342
"1359","k = 28",0.780691121743753
"1360","k = 28",0.794824570853983
"1361","k = 28",0.787261904761905
"1362","k = 28",0.805635613096913
"1363","k = 28",0.790498850041689
"1364","k = 28",0.801490747814277
"1365","k = 28",0.792589926413456
"1366","k = 28",0.784835613732673
"1367","k = 28",0.784613499245852
"1368","k = 28",0.78293255763844
"1369","k = 28",0.781835003232062
"1370","k = 28",0.794991470947353
"1371","k = 28",0.793550061050061
"1372","k = 28",0.769497234791352
"1373","k = 28",0.808285201640465
"1374","k = 28",0.807364747825274
"1375","k = 28",0.763766968325792
"1376","k = 28",0.780897034252297
"1377","k = 28",0.807168803418803
"1378","k = 28",0.785
"1379","k = 28",0.801197110423117
"1380","k = 28",0.790734126984127
"1381","k = 28",0.766394112423524
"1382","k = 28",0.793169141230287
"1383","k = 28",0.769512369725218
"1384","k = 28",0.800433455863022
"1385","k = 28",0.801728524743231
"1386","k = 28",0.801089204912734
"1387","k = 28",0.78805753070459
"1388","k = 28",0.714526502908856
"1389","k = 28",0.802666451195863
"1390","k = 28",0.781517227182862
"1391","k = 28",0.757623716153128
"1392","k = 28",0.804598954966602
"1393","k = 28",0.768534080298786
"1394","k = 28",0.789222582972583
"1395","k = 28",0.787647243107769
"1396","k = 28",0.796380359836242
"1397","k = 28",0.763480196703881
"1398","k = 28",0.80629129857071
"1399","k = 28",0.801820728291317
"1400","k = 28",0.813129718578635
"1401","k = 29",0.793177882489028
"1402","k = 29",0.799426039646628
"1403","k = 29",0.786933241524034
"1404","k = 29",0.791163989519253
"1405","k = 29",0.792695090856856
"1406","k = 29",0.775496031746032
"1407","k = 29",0.765939452704159
"1408","k = 29",0.790032745107452
"1409","k = 29",0.785514571857451
"1410","k = 29",0.78344537815126
"1411","k = 29",0.791867248678394
"1412","k = 29",0.785242199321147
"1413","k = 29",0.782126900876901
"1414","k = 29",0.806637806637807
"1415","k = 29",0.784157363104731
"1416","k = 29",0.785100463262228
"1417","k = 29",0.780707282913165
"1418","k = 29",0.775858920491273
"1419","k = 29",0.777598308554191
"1420","k = 29",0.801220103425986
"1421","k = 29",0.777662680456798
"1422","k = 29",0.776105455002514
"1423","k = 29",0.809577187518364
"1424","k = 29",0.792091716762769
"1425","k = 29",0.763766968325792
"1426","k = 29",0.783563797313797
"1427","k = 29",0.806084446599152
"1428","k = 29",0.793280170122275
"1429","k = 29",0.795588136064142
"1430","k = 29",0.788743056908692
"1431","k = 29",0.763177738154518
"1432","k = 29",0.781069004524887
"1433","k = 29",0.782524480163799
"1434","k = 29",0.793595220568905
"1435","k = 29",0.788058338720103
"1436","k = 29",0.801040993320405
"1437","k = 29",0.809366246498599
"1438","k = 29",0.727709614946457
"1439","k = 29",0.794186205950912
"1440","k = 29",0.792861871101035
"1441","k = 29",0.752564192343604
"1442","k = 29",0.80190987933635
"1443","k = 29",0.768194444444445
"1444","k = 29",0.794614845938375
"1445","k = 29",0.783098370927318
"1446","k = 29",0.803318158879304
"1447","k = 29",0.770933690922081
"1448","k = 29",0.790933347698054
"1449","k = 29",0.799788569273863
"1450","k = 29",0.806383382699172
"1451","k = 30",0.785655258054639
"1452","k = 30",0.807223658694247
"1453","k = 30",0.773930296756384
"1454","k = 30",0.799021132376395
"1455","k = 30",0.792695090856856
"1456","k = 30",0.770902463549522
"1457","k = 30",0.766904761904762
"1458","k = 30",0.790032745107452
"1459","k = 30",0.785891959347842
"1460","k = 30",0.805811427134957
"1461","k = 30",0.776893209130051
"1462","k = 30",0.796013071895425
"1463","k = 30",0.780550578648405
"1464","k = 30",0.814484126984127
"1465","k = 30",0.775039872408293
"1466","k = 30",0.773819219995691
"1467","k = 30",0.765805322128852
"1468","k = 30",0.788944462400345
"1469","k = 30",0.781884022839905
"1470","k = 30",0.788880359836242
"1471","k = 30",0.775169683257919
"1472","k = 30",0.774815772462831
"1473","k = 30",0.781737772461457
"1474","k = 30",0.801094906555433
"1475","k = 30",0.746108883376685
"1476","k = 30",0.776204439265585
"1477","k = 30",0.813611111111111
"1478","k = 30",0.785
"1479","k = 30",0.801995614035088
"1480","k = 30",0.791342263257898
"1481","k = 30",0.774191625368096
"1482","k = 30",0.787097712658858
"1483","k = 30",0.802512531328321
"1484","k = 30",0.814242979672546
"1485","k = 30",0.793019553975436
"1486","k = 30",0.801040993320405
"1487","k = 30",0.804306722689076
"1488","k = 30",0.722579365079365
"1489","k = 30",0.77557698923024
"1490","k = 30",0.792861871101035
"1491","k = 30",0.757623716153128
"1492","k = 30",0.806321644042232
"1493","k = 30",0.763415032679739
"1494","k = 30",0.780984864808394
"1495","k = 30",0.763277750371404
"1496","k = 30",0.798258635069781
"1497","k = 30",0.768278657616893
"1498","k = 30",0.78208315377433
"1499","k = 30",0.786213908640379
"1500","k = 30",0.787351332877649
"1501","k = 31",0.770021953450746
"1502","k = 31",0.777064928535517
"1503","k = 31",0.780742765333558
"1504","k = 31",0.791163989519253
"1505","k = 31",0.794942198754118
"1506","k = 31",0.771288466435525
"1507","k = 31",0.774154905551964
"1508","k = 31",0.797531480387518
"1509","k = 31",0.785514571857451
"1510","k = 31",0.791141725921138
"1511","k = 31",0.784337441883882
"1512","k = 31",0.777852803800946
"1513","k = 31",0.787934981684982
"1514","k = 31",0.806637806637807
"1515","k = 31",0.784157363104731
"1516","k = 31",0.773270516892808
"1517","k = 31",0.780707282913165
"1518","k = 31",0.795849224305107
"1519","k = 31",0.784562594268477
"1520","k = 31",0.778870124973066
"1521","k = 31",0.770867269984917
"1522","k = 31",0.761779788838612
"1523","k = 31",0.776885680109364
"1524","k = 31",0.801094906555433
"1525","k = 31",0.757849348793621
"1526","k = 31",0.768184389140271
"1527","k = 31",0.808208270487682
"1528","k = 31",0.777596782302665
"1529","k = 31",0.791352339181287
"1530","k = 31",0.795151368239604
"1531","k = 31",0.767959940386411
"1532","k = 31",0.80235888122885
"1533","k = 31",0.799833959899749
"1534","k = 31",0.799694121667806
"1535","k = 31",0.778303167420815
"1536","k = 31",0.799758942038354
"1537","k = 31",0.77902617892943
"1538","k = 31",0.738367718882425
"1539","k = 31",0.781518902494135
"1540","k = 31",0.787529131944767
"1541","k = 31",0.752564192343604
"1542","k = 31",0.792725166989873
"1543","k = 31",0.770855957767723
"1544","k = 31",0.795827067669173
"1545","k = 31",0.772522076306906
"1546","k = 31",0.788819397836426
"1547","k = 31",0.766350357588748
"1548","k = 31",0.77624362565539
"1549","k = 31",0.785043959308665
"1550","k = 31",0.810658084605453
"1551","k = 32",0.770458381487793
"1552","k = 32",0.772961556417439
"1553","k = 32",0.792667748917749
"1554","k = 32",0.791163989519253
"1555","k = 32",0.776204900620535
"1556","k = 32",0.752836493571788
"1557","k = 32",0.771478399051928
"1558","k = 32",0.790062511522668
"1559","k = 32",0.774601873444753
"1560","k = 32",0.810059793148028
"1561","k = 32",0.776206636500754
"1562","k = 32",0.784742755954056
"1563","k = 32",0.786369047619048
"1564","k = 32",0.806637806637807
"1565","k = 32",0.791928369188431
"1566","k = 32",0.786649608561373
"1567","k = 32",0.765805322128852
"1568","k = 32",0.783239872872226
"1569","k = 32",0.784562594268477
"1570","k = 32",0.783233678086619
"1571","k = 32",0.774709114414997
"1572","k = 32",0.779150326797386
"1573","k = 32",0.776885680109364
"1574","k = 32",0.816698583923816
"1575","k = 32",0.768535875888817
"1576","k = 32",0.770089689722043
"1577","k = 32",0.82697730374201
"1578","k = 32",0.801884920634921
"1579","k = 32",0.780176376770804
"1580","k = 32",0.788553921568627
"1581","k = 32",0.758611200890613
"1582","k = 32",0.796287452657422
"1583","k = 32",0.799833959899749
"1584","k = 32",0.793783757522148
"1585","k = 32",0.789774743230626
"1586","k = 32",0.801089204912734
"1587","k = 32",0.778727196006608
"1588","k = 32",0.741102472089314
"1589","k = 32",0.776187391899466
"1590","k = 32",0.787529131944767
"1591","k = 32",0.758899572649573
"1592","k = 32",0.792725166989873
"1593","k = 32",0.782879408173526
"1594","k = 32",0.804123471557682
"1595","k = 32",0.766070072428432
"1596","k = 32",0.776992207139266
"1597","k = 32",0.770933690922081
"1598","k = 32",0.78542268189327
"1599","k = 32",0.780538048552754
"1600","k = 32",0.803720285562391
"1601","k = 33",0.784273651185416
"1602","k = 33",0.801552467140702
"1603","k = 33",0.785690534955241
"1604","k = 33",0.795925894281157
"1605","k = 33",0.781061359950679
"1606","k = 33",0.763293561014149
"1607","k = 33",0.771478399051928
"1608","k = 33",0.790062511522668
"1609","k = 33",0.780675770308123
"1610","k = 33",0.815756302521008
"1611","k = 33",0.782943690296631
"1612","k = 33",0.784742755954056
"1613","k = 33",0.791258439273145
"1614","k = 33",0.799137806637807
"1615","k = 33",0.798045698711333
"1616","k = 33",0.786649608561373
"1617","k = 33",0.765805322128852
"1618","k = 33",0.796573206205559
"1619","k = 33",0.788848308554191
"1620","k = 33",0.781315987933635
"1621","k = 33",0.783997522085757
"1622","k = 33",0.755608345902464
"1623","k = 33",0.790571450860352
"1624","k = 33",0.818498168498168
"1625","k = 33",0.773178733031674
"1626","k = 33",0.776204439265585
"1627","k = 33",0.806084446599152
"1628","k = 33",0.786400470444588
"1629","k = 33",0.784220494417863
"1630","k = 33",0.785329330728947
"1631","k = 33",0.769049235078647
"1632","k = 33",0.80235888122885
"1633","k = 33",0.783869047619048
"1634","k = 33",0.798452380952381
"1635","k = 33",0.777662411118293
"1636","k = 33",0.801089204912734
"1637","k = 33",0.793257110536522
"1638","k = 33",0.735972222222222
"1639","k = 33",0.763859697663877
"1640","k = 33",0.787529131944767
"1641","k = 33",0.764137667887668
"1642","k = 33",0.792725166989873
"1643","k = 33",0.781429020326079
"1644","k = 33",0.79338924963925
"1645","k = 33",0.757043650793651
"1646","k = 33",0.780147328162034
"1647","k = 33",0.768278657616893
"1648","k = 33",0.80105914553283
"1649","k = 33",0.783755623461506
"1650","k = 33",0.80404989747095
"1651","k = 34",0.778213534831182
"1652","k = 34",0.79090174531351
"1653","k = 34",0.787719979296066
"1654","k = 34",0.797235418090681
"1655","k = 34",0.77464987669709
"1656","k = 34",0.749900703871292
"1657","k = 34",0.757014113337643
"1658","k = 34",0.783387870374342
"1659","k = 34",0.776817496229261
"1660","k = 34",0.800854251957193
"1661","k = 34",0.771568386893464
"1662","k = 34",0.777852803800946
"1663","k = 34",0.802665945165945
"1664","k = 34",0.814365079365079
"1665","k = 34",0.791822944857001
"1666","k = 34",0.786458198664081
"1667","k = 34",0.776162464985994
"1668","k = 34",0.797490303813833
"1669","k = 34",0.789671137685844
"1670","k = 34",0.781315987933635
"1671","k = 34",0.78840928679164
"1672","k = 34",0.770851934443266
"1673","k = 34",0.779012249827467
"1674","k = 34",0.831593406593407
"1675","k = 34",0.780092652445594
"1676","k = 34",0.771993912949795
"1677","k = 34",0.798367000646412
"1678","k = 34",0.797749676793794
"1679","k = 34",0.795717418546366
"1680","k = 34",0.778731884057971
"1681","k = 34",0.77221396250808
"1682","k = 34",0.794458823769969
"1683","k = 34",0.789464285714286
"1684","k = 34",0.805595238095238
"1685","k = 34",0.781888601594484
"1686","k = 34",0.793392857142857
"1687","k = 34",0.798460730446025
"1688","k = 34",0.732067711700065
"1689","k = 34",0.769388755379467
"1690","k = 34",0.779776329191964
"1691","k = 34",0.772256069094304
"1692","k = 34",0.794325307045895
"1693","k = 34",0.788313581842994
"1694","k = 34",0.799936868686869
"1695","k = 34",0.753861832611833
"1696","k = 34",0.774433042447748
"1697","k = 34",0.768278657616893
"1698","k = 34",0.808072972778855
"1699","k = 34",0.776671245421245
"1700","k = 34",0.792667653983443
"1701","k = 35",0.784273651185416
"1702","k = 35",0.804388870932989
"1703","k = 35",0.787719979296066
"1704","k = 35",0.793068751424015
"1705","k = 35",0.787427654474868
"1706","k = 35",0.774227357609711
"1707","k = 35",0.777498383968972
"1708","k = 35",0.785561783417821
"1709","k = 35",0.781996070235234
"1710","k = 35",0.801109046182576
"1711","k = 35",0.776457778547562
"1712","k = 35",0.773757511838007
"1713","k = 35",0.786369047619048
"1714","k = 35",0.806984126984127
"1715","k = 35",0.795859223336004
"1716","k = 35",0.779493912949795
"1717","k = 35",0.769138655462185
"1718","k = 35",0.785466494290024
"1719","k = 35",0.793809523809524
"1720","k = 35",0.774245852187029
"1721","k = 35",0.78840928679164
"1722","k = 35",0.763882155426273
"1723","k = 35",0.790571450860352
"1724","k = 35",0.827942612942613
"1725","k = 35",0.786152768799828
"1726","k = 35",0.770032051282051
"1727","k = 35",0.808208270487682
"1728","k = 35",0.783857990564647
"1729","k = 35",0.797951496388029
"1730","k = 35",0.778731884057971
"1731","k = 35",0.77221396250808
"1732","k = 35",0.797800135880631
"1733","k = 35",0.789464285714286
"1734","k = 35",0.784642857142857
"1735","k = 35",0.783198125404008
"1736","k = 35",0.808589204912734
"1737","k = 35",0.793558769661711
"1738","k = 35",0.730853174603175
"1739","k = 35",0.777722088712801
"1740","k = 35",0.787836447178552
"1741","k = 35",0.774084338863751
"1742","k = 35",0.792725166989873
"1743","k = 35",0.773869137398549
"1744","k = 35",0.799936868686869
"1745","k = 35",0.772313315769198
"1746","k = 35",0.785212238741651
"1747","k = 35",0.763135116947036
"1748","k = 35",0.80278603749192
"1749","k = 35",0.776671245421245
"1750","k = 35",0.797112098427888
"1751","k = 36",0.784273651185416
"1752","k = 36",0.78814012784601
"1753","k = 36",0.798858225108225
"1754","k = 36",0.793068751424015
"1755","k = 36",0.772316011731646
"1756","k = 36",0.769167833800187
"1757","k = 36",0.783740303813833
"1758","k = 36",0.79444050195329
"1759","k = 36",0.780675770308123
"1760","k = 36",0.801109046182576
"1761","k = 36",0.77262443438914
"1762","k = 36",0.783085003232062
"1763","k = 36",0.781810302270829
"1764","k = 36",0.806984126984127
"1765","k = 36",0.792589926413456
"1766","k = 36",0.778914835164835
"1767","k = 36",0.755827677224736
"1768","k = 36",0.776666666666667
"1769","k = 36",0.782770146520147
"1770","k = 36",0.781315987933635
"1771","k = 36",0.784924585218703
"1772","k = 36",0.759652719141883
"1773","k = 36",0.790571450860352
"1774","k = 36",0.812551578538421
"1775","k = 36",0.775449795302736
"1776","k = 36",0.774613499245852
"1777","k = 36",0.795934498937595
"1778","k = 36",0.772323264970324
"1779","k = 36",0.794965071048662
"1780","k = 36",0.785329330728947
"1781","k = 36",0.785928757345166
"1782","k = 36",0.80235888122885
"1783","k = 36",0.777359022556391
"1784","k = 36",0.793595220568905
"1785","k = 36",0.788498168498169
"1786","k = 36",0.79132730015083
"1787","k = 36",0.787963531566473
"1788","k = 36",0.730853174603175
"1789","k = 36",0.774714924308578
"1790","k = 36",0.787836447178552
"1791","k = 36",0.778667672197084
"1792","k = 36",0.798737071751778
"1793","k = 36",0.78670736770969
"1794","k = 36",0.808270202020202
"1795","k = 36",0.777644351692339
"1796","k = 36",0.786511527687998
"1797","k = 36",0.774826276664512
"1798","k = 36",0.796687136393019
"1799","k = 36",0.79947209653092
"1800","k = 36",0.792518796992481
"1801","k = 37",0.783910044204162
"1802","k = 37",0.793101343101343
"1803","k = 37",0.798858225108225
"1804","k = 37",0.781414835164835
"1805","k = 37",0.787427654474868
"1806","k = 37",0.774227357609711
"1807","k = 37",0.771726190476191
"1808","k = 37",0.785561783417821
"1809","k = 37",0.771231325863679
"1810","k = 37",0.795892857142857
"1811","k = 37",0.777198996394043
"1812","k = 37",0.781758575102228
"1813","k = 37",0.797606421356421
"1814","k = 37",0.814484126984127
"1815","k = 37",0.793936146412927
"1816","k = 37",0.78651395173454
"1817","k = 37",0.754790569337783
"1818","k = 37",0.773333333333333
"1819","k = 37",0.782770146520147
"1820","k = 37",0.763419611434317
"1821","k = 37",0.784441930618401
"1822","k = 37",0.780079530892224
"1823","k = 37",0.790571450860352
"1824","k = 37",0.827058195072901
"1825","k = 37",0.774595992243051
"1826","k = 37",0.772947640594699
"1827","k = 37",0.806647633412339
"1828","k = 37",0.795790059613589
"1829","k = 37",0.790122549019608
"1830","k = 37",0.780381043721837
"1831","k = 37",0.778977477630728
"1832","k = 37",0.79815647072226
"1833","k = 37",0.789673987003708
"1834","k = 37",0.784642857142857
"1835","k = 37",0.794033882783883
"1836","k = 37",0.801089204912734
"1837","k = 37",0.798401206636501
"1838","k = 37",0.732067711700065
"1839","k = 37",0.766427378521032
"1840","k = 37",0.793169186334821
"1841","k = 37",0.778667672197084
"1842","k = 37",0.791574014221073
"1843","k = 37",0.799424692954105
"1844","k = 37",0.795234487734488
"1845","k = 37",0.766704597002585
"1846","k = 37",0.783150183150183
"1847","k = 37",0.761430766945473
"1848","k = 37",0.80278603749192
"1849","k = 37",0.773933419521655
"1850","k = 37",0.787460317460317
"1851","k = 38",0.776577303415539
"1852","k = 38",0.797347374847375
"1853","k = 38",0.788870054710847
"1854","k = 38",0.792519300874564
"1855","k = 38",0.800085739423975
"1856","k = 38",0.768363858363858
"1857","k = 38",0.763923723335488
"1858","k = 38",0.791988493962178
"1859","k = 38",0.76147056031344
"1860","k = 38",0.797714932126697
"1861","k = 38",0.762536075036075
"1862","k = 38",0.792403307476837
"1863","k = 38",0.797606421356421
"1864","k = 38",0.806984126984127
"1865","k = 38",0.798353443941679
"1866","k = 38",0.792885842227947
"1867","k = 38",0.749833099906629
"1868","k = 38",0.778452380952381
"1869","k = 38",0.767770146520147
"1870","k = 38",0.767655408317173
"1871","k = 38",0.783872010342599
"1872","k = 38",0.774424768987462
"1873","k = 38",0.799805900621118
"1874","k = 38",0.827942612942613
"1875","k = 38",0.775449795302736
"1876","k = 38",0.778088414853121
"1877","k = 38",0.796806363571069
"1878","k = 38",0.783714036221776
"1879","k = 38",0.801388888888889
"1880","k = 38",0.787158788923495
"1881","k = 38",0.77448897507721
"1882","k = 38",0.804227899293689
"1883","k = 38",0.784138272717994
"1884","k = 38",0.782438680600445
"1885","k = 38",0.789807692307692
"1886","k = 38",0.795196347769877
"1887","k = 38",0.803996444731739
"1888","k = 38",0.735972222222222
"1889","k = 38",0.77930986497163
"1890","k = 38",0.793169186334821
"1891","k = 38",0.765058446455505
"1892","k = 38",0.793670545141133
"1893","k = 38",0.809900883430295
"1894","k = 38",0.800829725829726
"1895","k = 38",0.789229438861792
"1896","k = 38",0.788864468864469
"1897","k = 38",0.767978385993092
"1898","k = 38",0.803114899806076
"1899","k = 38",0.798521331609567
"1900","k = 38",0.796646920331131
"1901","k = 39",0.791432668638551
"1902","k = 39",0.810878266470372
"1903","k = 39",0.799810606060606
"1904","k = 39",0.79382730015083
"1905","k = 39",0.800085739423975
"1906","k = 39",0.774227357609711
"1907","k = 39",0.770114199525964
"1908","k = 39",0.791988493962178
"1909","k = 39",0.771231325863679
"1910","k = 39",0.807888296344179
"1911","k = 39",0.769687910129087
"1912","k = 39",0.772236586942469
"1913","k = 39",0.791428571428571
"1914","k = 39",0.806637806637807
"1915","k = 39",0.788719957373208
"1916","k = 39",0.784497892458419
"1917","k = 39",0.76849025974026
"1918","k = 39",0.778452380952381
"1919","k = 39",0.770469995690584
"1920","k = 39",0.76267731451555
"1921","k = 39",0.779950441715148
"1922","k = 39",0.774424768987462
"1923","k = 39",0.799805900621118
"1924","k = 39",0.822769832506675
"1925","k = 39",0.761654277095454
"1926","k = 39",0.754243966817496
"1927","k = 39",0.798367000646412
"1928","k = 39",0.776964413295683
"1929","k = 39",0.783630952380952
"1930","k = 39",0.784043709558415
"1931","k = 39",0.77881911861788
"1932","k = 39",0.800101375662521
"1933","k = 39",0.792305565951077
"1934","k = 39",0.766949023199023
"1935","k = 39",0.794033882783883
"1936","k = 39",0.795196347769877
"1937","k = 39",0.793414942900237
"1938","k = 39",0.717243320405085
"1939","k = 39",0.766427378521032
"1940","k = 39",0.792052508894614
"1941","k = 39",0.766601307189542
"1942","k = 39",0.784748976513682
"1943","k = 39",0.808967894850248
"1944","k = 39",0.807731525010937
"1945","k = 39",0.809690534783414
"1946","k = 39",0.783150183150183
"1947","k = 39",0.761430766945473
"1948","k = 39",0.795404277095454
"1949","k = 39",0.798521331609567
"1950","k = 39",0.801705399863295
"1951","k = 40",0.791432668638551
"1952","k = 40",0.796791819291819
"1953","k = 40",0.801460283109899
"1954","k = 40",0.79382730015083
"1955","k = 40",0.781891940189154
"1956","k = 40",0.787560690943044
"1957","k = 40",0.789821428571429
"1958","k = 40",0.780018796992481
"1959","k = 40",0.775824627299086
"1960","k = 40",0.81259067729656
"1961","k = 40",0.769687910129087
"1962","k = 40",0.777691589456295
"1963","k = 40",0.797606421356421
"1964","k = 40",0.814484126984127
"1965","k = 40",0.788719957373208
"1966","k = 40",0.7779502734108
"1967","k = 40",0.775514069264069
"1968","k = 40",0.778869047619048
"1969","k = 40",0.765907401422107
"1970","k = 40",0.769747450262156
"1971","k = 40",0.782273755656109
"1972","k = 40",0.780033487754076
"1973","k = 40",0.781199494949495
"1974","k = 40",0.817387057387057
"1975","k = 40",0.7543255763844
"1976","k = 40",0.764241200406061
"1977","k = 40",0.804226998491704
"1978","k = 40",0.776964413295683
"1979","k = 40",0.785421074024015
"1980","k = 40",0.789694410094027
"1981","k = 40",0.783377863966099
"1982","k = 40",0.79815647072226
"1983","k = 40",0.798535365563229
"1984","k = 40",0.773730158730159
"1985","k = 40",0.791771978021978
"1986","k = 40",0.801040993320405
"1987","k = 40",0.798557961646197
"1988","k = 40",0.709148082309847
"1989","k = 40",0.766427378521032
"1990","k = 40",0.798957270799376
"1991","k = 40",0.767283990519285
"1992","k = 40",0.811832309847016
"1993","k = 40",0.79239262414572
"1994","k = 40",0.804421090605301
"1995","k = 40",0.806301949684303
"1996","k = 40",0.769587642749407
"1997","k = 40",0.756287226275616
"1998","k = 40",0.788976513682396
"1999","k = 40",0.787326276664512
"2000","k = 40",0.797112098427888
"2001","k = 41",0.784099927849928
"2002","k = 41",0.799866361708467
"2003","k = 41",0.799810606060606
"2004","k = 41",0.800255871579401
"2005","k = 41",0.788575904229929
"2006","k = 41",0.787560690943044
"2007","k = 41",0.783630952380952
"2008","k = 41",0.791988493962178
"2009","k = 41",0.753256274599154
"2010","k = 41",0.811507936507937
"2011","k = 41",0.77305986497163
"2012","k = 41",0.783020451770452
"2013","k = 41",0.789071141277024
"2014","k = 41",0.808791657688717
"2015","k = 41",0.788719957373208
"2016","k = 41",0.777355035315562
"2017","k = 41",0.775514069264069
"2018","k = 41",0.787559523809524
"2019","k = 41",0.778407401422107
"2020","k = 41",0.769747450262156
"2021","k = 41",0.782273755656109
"2022","k = 41",0.774424768987462
"2023","k = 41",0.794885265700483
"2024","k = 41",0.810164835164835
"2025","k = 41",0.767714393449688
"2026","k = 41",0.75910042614764
"2027","k = 41",0.804481897101866
"2028","k = 41",0.789040436687495
"2029","k = 41",0.798039215686274
"2030","k = 41",0.798371440650852
"2031","k = 41",0.789437980320333
"2032","k = 41",0.802715216070479
"2033","k = 41",0.792305565951077
"2034","k = 41",0.781612350068232
"2035","k = 41",0.787069597069597
"2036","k = 41",0.807438411261941
"2037","k = 41",0.804153199741435
"2038","k = 41",0.709148082309847
"2039","k = 41",0.764839179138715
"2040","k = 41",0.787836447178552
"2041","k = 41",0.767283990519285
"2042","k = 41",0.812764490411549
"2043","k = 41",0.812213962937647
"2044","k = 41",0.805052953582365
"2045","k = 41",0.806301949684303
"2046","k = 41",0.772165212238742
"2047","k = 41",0.762326276664512
"2048","k = 41",0.789172592113769
"2049","k = 41",0.797048498886734
"2050","k = 41",0.797112098427888
"2051","k = 42",0.785736159265571
"2052","k = 42",0.77570638511815
"2053","k = 42",0.786417748917749
"2054","k = 42",0.799804697366617
"2055","k = 42",0.800148555005366
"2056","k = 42",0.766706349206349
"2057","k = 42",0.790535714285714
"2058","k = 42",0.791988493962178
"2059","k = 42",0.772317298714358
"2060","k = 42",0.800854251957193
"2061","k = 42",0.783467104790634
"2062","k = 42",0.791051587301587
"2063","k = 42",0.792426323676324
"2064","k = 42",0.816172610069669
"2065","k = 42",0.794483474901432
"2066","k = 42",0.751130952380952
"2067","k = 42",0.784961484593838
"2068","k = 42",0.800952380952381
"2069","k = 42",0.771785714285714
"2070","k = 42",0.760408586511528
"2071","k = 42",0.787901314371903
"2072","k = 42",0.79777662739737
"2073","k = 42",0.794885265700483
"2074","k = 42",0.803971321076584
"2075","k = 42",0.761654277095454
"2076","k = 42",0.755392156862745
"2077","k = 42",0.811922373292342
"2078","k = 42",0.793281247046727
"2079","k = 42",0.792979691876751
"2080","k = 42",0.798371440650852
"2081","k = 42",0.777022283272283
"2082","k = 42",0.812933470038733
"2083","k = 42",0.798376994522505
"2084","k = 42",0.787654869640164
"2085","k = 42",0.787069597069597
"2086","k = 42",0.813608001905216
"2087","k = 42",0.804153199741435
"2088","k = 42",0.716662626589097
"2089","k = 42",0.759024160823696
"2090","k = 42",0.794202741702742
"2091","k = 42",0.774887268304451
"2092","k = 42",0.802868455074337
"2093","k = 42",0.806797296270981
"2094","k = 42",0.805945810725222
"2095","k = 42",0.798164009193421
"2096","k = 42",0.772165212238742
"2097","k = 42",0.762326276664512
"2098","k = 42",0.794533775048481
"2099","k = 42",0.797048498886734
"2100","k = 42",0.807000455684666
"2101","k = 43",0.791432668638551
"2102","k = 43",0.782356126845291
"2103","k = 43",0.788571428571429
"2104","k = 43",0.799804697366617
"2105","k = 43",0.775525645664965
"2106","k = 43",0.771468253968254
"2107","k = 43",0.778214285714286
"2108","k = 43",0.786844953292322
"2109","k = 43",0.754714321626086
"2110","k = 43",0.800854251957193
"2111","k = 43",0.76331744236156
"2112","k = 43",0.789487924356345
"2113","k = 43",0.802665945165945
"2114","k = 43",0.804990488098073
"2115","k = 43",0.794483474901432
"2116","k = 43",0.784186507936508
"2117","k = 43",0.780380036630037
"2118","k = 43",0.787559523809524
"2119","k = 43",0.767770146520147
"2120","k = 43",0.769747450262156
"2121","k = 43",0.775611398405516
"2122","k = 43",0.796372549019608
"2123","k = 43",0.794885265700483
"2124","k = 43",0.81832538806223
"2125","k = 43",0.778785822021116
"2126","k = 43",0.747162518853695
"2127","k = 43",0.804481897101866
"2128","k = 43",0.780745155687106
"2129","k = 43",0.800896358543417
"2130","k = 43",0.811946101284337
"2131","k = 43",0.777022283272283
"2132","k = 43",0.80742280423395
"2133","k = 43",0.785668139050492
"2134","k = 43",0.787654869640164
"2135","k = 43",0.778809523809524
"2136","k = 43",0.807438411261941
"2137","k = 43",0.801806722689076
"2138","k = 43",0.71703835380306
"2139","k = 43",0.764839179138715
"2140","k = 43",0.79876221001221
"2141","k = 43",0.766779878618114
"2142","k = 43",0.807868455074337
"2143","k = 43",0.799456475327218
"2144","k = 43",0.811766215810333
"2145","k = 43",0.810607448107448
"2146","k = 43",0.766105095884508
"2147","k = 43",0.762326276664512
"2148","k = 43",0.774931588019823
"2149","k = 43",0.797048498886734
"2150","k = 43",0.812758031442242
"2151","k = 44",0.791432668638551
"2152","k = 44",0.796710193830937
"2153","k = 44",0.794583333333333
"2154","k = 44",0.786411032208246
"2155","k = 44",0.792634010726116
"2156","k = 44",0.784325396825397
"2157","k = 44",0.778214285714286
"2158","k = 44",0.79058954203691
"2159","k = 44",0.760244738921209
"2160","k = 44",0.785670742656037
"2161","k = 44",0.774781835811248
"2162","k = 44",0.781741000227842
"2163","k = 44",0.771825396825397
"2164","k = 44",0.804990488098073
"2165","k = 44",0.791588738059326
"2166","k = 44",0.791832309847016
"2167","k = 44",0.783035714285714
"2168","k = 44",0.789345238095238
"2169","k = 44",0.786369047619048
"2170","k = 44",0.763505530417295
"2171","k = 44",0.778881876637295
"2172","k = 44",0.794444371418056
"2173","k = 44",0.794885265700483
"2174","k = 44",0.797942612942613
"2175","k = 44",0.778785822021116
"2176","k = 44",0.746003841359879
"2177","k = 44",0.804481897101866
"2178","k = 44",0.780745155687106
"2179","k = 44",0.799880952380952
"2180","k = 44",0.818315148903384
"2181","k = 44",0.783253968253968
"2182","k = 44",0.806385850991114
"2183","k = 44",0.777334805717159
"2184","k = 44",0.798452380952381
"2185","k = 44",0.798035714285714
"2186","k = 44",0.799742063492063
"2187","k = 44",0.801806722689076
"2188","k = 44",0.721740734755441
"2189","k = 44",0.771266942551772
"2190","k = 44",0.79876221001221
"2191","k = 44",0.766779878618114
"2192","k = 44",0.807868455074337
"2193","k = 44",0.814957849168375
"2194","k = 44",0.805536416198181
"2195","k = 44",0.815339695564154
"2196","k = 44",0.781146304675716
"2197","k = 44",0.762326276664512
"2198","k = 44",0.774931588019823
"2199","k = 44",0.797048498886734
"2200","k = 44",0.812758031442242
"2201","k = 45",0.784408859114741
"2202","k = 45",0.782356126845291
"2203","k = 45",0.804662698412698
"2204","k = 45",0.799804697366617
"2205","k = 45",0.787098296440402
"2206","k = 45",0.784325396825397
"2207","k = 45",0.778214285714286
"2208","k = 45",0.795733082706767
"2209","k = 45",0.754714321626086
"2210","k = 45",0.800854251957193
"2211","k = 45",0.76331744236156
"2212","k = 45",0.775676843796039
"2213","k = 45",0.763454356101415
"2214","k = 45",0.799843429274544
"2215","k = 45",0.791588738059326
"2216","k = 45",0.790972222222222
"2217","k = 45",0.794322344322344
"2218","k = 45",0.787559523809524
"2219","k = 45",0.78
"2220","k = 45",0.779411315808375
"2221","k = 45",0.783948133909434
"2222","k = 45",0.775697945845005
"2223","k = 45",0.794885265700483
"2224","k = 45",0.789265873015873
"2225","k = 45",0.778785822021116
"2226","k = 45",0.754518978183839
"2227","k = 45",0.805893665158371
"2228","k = 45",0.789897202470732
"2229","k = 45",0.802083333333333
"2230","k = 45",0.811717702232408
"2231","k = 45",0.783253968253968
"2232","k = 45",0.799004898610162
"2233","k = 45",0.783564605329311
"2234","k = 45",0.786089204912734
"2235","k = 45",0.798035714285714
"2236","k = 45",0.792777777777778
"2237","k = 45",0.801806722689076
"2238","k = 45",0.721740734755441
"2239","k = 45",0.785081763351887
"2240","k = 45",0.791381257631258
"2241","k = 45",0.786144957983193
"2242","k = 45",0.806401906916613
"2243","k = 45",0.804873141993885
"2244","k = 45",0.805536416198181
"2245","k = 45",0.810607448107448
"2246","k = 45",0.761511527687998
"2247","k = 45",0.756815610859728
"2248","k = 45",0.777205882352941
"2249","k = 45",0.804929343532285
"2250","k = 45",0.797518796992481
"2251","k = 46",0.784408859114741
"2252","k = 46",0.78751104287869
"2253","k = 46",0.794583333333333
"2254","k = 46",0.804971988795518
"2255","k = 46",0.788321050294734
"2256","k = 46",0.784325396825397
"2257","k = 46",0.778214285714286
"2258","k = 46",0.795884597858282
"2259","k = 46",0.768459024635495
"2260","k = 46",0.800854251957193
"2261","k = 46",0.766899644473174
"2262","k = 46",0.78202380952381
"2263","k = 46",0.769632206029265
"2264","k = 46",0.802015639589169
"2265","k = 46",0.791588738059326
"2266","k = 46",0.791283606744133
"2267","k = 46",0.788458361813625
"2268","k = 46",0.779940476190476
"2269","k = 46",0.770742566257272
"2270","k = 46",0.790712759462759
"2271","k = 46",0.781946240034475
"2272","k = 46",0.794234809308339
"2273","k = 46",0.794885265700483
"2274","k = 46",0.814431932446638
"2275","k = 46",0.764842706313295
"2276","k = 46",0.750352311517172
"2277","k = 46",0.798367000646412
"2278","k = 46",0.773840393782344
"2279","k = 46",0.81327380952381
"2280","k = 46",0.811946101284337
"2281","k = 46",0.78575642795457
"2282","k = 46",0.799004898610162
"2283","k = 46",0.787570453282528
"2284","k = 46",0.773730158730159
"2285","k = 46",0.785
"2286","k = 46",0.799742063492063
"2287","k = 46",0.804485294117647
"2288","k = 46",0.706383591898298
"2289","k = 46",0.777678545654552
"2290","k = 46",0.77718253968254
"2291","k = 46",0.783653038138332
"2292","k = 46",0.806401906916613
"2293","k = 46",0.796885369532428
"2294","k = 46",0.798207715487127
"2295","k = 46",0.789740703053397
"2296","k = 46",0.761511527687998
"2297","k = 46",0.756815610859728
"2298","k = 46",0.780526826115061
"2299","k = 46",0.804929343532285
"2300","k = 46",0.799140274929749
"2301","k = 47",0.784408859114741
"2302","k = 47",0.784792832296702
"2303","k = 47",0.794583333333333
"2304","k = 47",0.811937082525318
"2305","k = 47",0.793464590964591
"2306","k = 47",0.776468253968254
"2307","k = 47",0.778214285714286
"2308","k = 47",0.79058954203691
"2309","k = 47",0.758572595704949
"2310","k = 47",0.806550761330173
"2311","k = 47",0.766899644473174
"2312","k = 47",0.772415128730918
"2313","k = 47",0.772480158730159
"2314","k = 47",0.803644598865187
"2315","k = 47",0.789920880632955
"2316","k = 47",0.791938368648895
"2317","k = 47",0.783035714285714
"2318","k = 47",0.786011904761905
"2319","k = 47",0.783636339151045
"2320","k = 47",0.790712759462759
"2321","k = 47",0.778437468104651
"2322","k = 47",0.801080047403577
"2323","k = 47",0.794885265700483
"2324","k = 47",0.802455020469726
"2325","k = 47",0.764142964878259
"2326","k = 47",0.754899267399267
"2327","k = 47",0.805893665158371
"2328","k = 47",0.780745155687106
"2329","k = 47",0.811607142857143
"2330","k = 47",0.818315148903384
"2331","k = 47",0.78575642795457
"2332","k = 47",0.792159660514924
"2333","k = 47",0.787570453282528
"2334","k = 47",0.778946347769877
"2335","k = 47",0.791071428571429
"2336","k = 47",0.811756299685866
"2337","k = 47",0.796271008403361
"2338","k = 47",0.718808446455505
"2339","k = 47",0.79245984278879
"2340","k = 47",0.77718253968254
"2341","k = 47",0.789696994182288
"2342","k = 47",0.806401906916613
"2343","k = 47",0.791468702865762
"2344","k = 47",0.793984487734488
"2345","k = 47",0.798752769418404
"2346","k = 47",0.771164619694031
"2347","k = 47",0.762326276664512
"2348","k = 47",0.781419683257919
"2349","k = 47",0.789250879839115
"2350","k = 47",0.793028024606972
"2351","k = 48",0.784408859114741
"2352","k = 48",0.777683688860159
"2353","k = 48",0.794583333333333
"2354","k = 48",0.807361919126625
"2355","k = 48",0.793464590964591
"2356","k = 48",0.763134920634921
"2357","k = 48",0.778214285714286
"2358","k = 48",0.79058954203691
"2359","k = 48",0.754714321626086
"2360","k = 48",0.806550761330173
"2361","k = 48",0.766899644473174
"2362","k = 48",0.793253968253968
"2363","k = 48",0.758394832291891
"2364","k = 48",0.803644598865187
"2365","k = 48",0.798728004022122
"2366","k = 48",0.798769841269841
"2367","k = 48",0.776732171337434
"2368","k = 48",0.793333333333333
"2369","k = 48",0.790005386770093
"2370","k = 48",0.790781889678948
"2371","k = 48",0.777152723437553
"2372","k = 48",0.797359960730704
"2373","k = 48",0.789230503795721
"2374","k = 48",0.81620348250783
"2375","k = 48",0.764842706313295
"2376","k = 48",0.755495852187029
"2377","k = 48",0.805893665158371
"2378","k = 48",0.785166040100251
"2379","k = 48",0.811607142857143
"2380","k = 48",0.808679653679654
"2381","k = 48",0.783206295338648
"2382","k = 48",0.799004898610162
"2383","k = 48",0.79098809687045
"2384","k = 48",0.778946347769877
"2385","k = 48",0.777303921568627
"2386","k = 48",0.805911654135338
"2387","k = 48",0.801806722689076
"2388","k = 48",0.726859782374488
"2389","k = 48",0.79245984278879
"2390","k = 48",0.770106119370825
"2391","k = 48",0.803855580693816
"2392","k = 48",0.794238849385908
"2393","k = 48",0.785102408341572
"2394","k = 48",0.793984487734488
"2395","k = 48",0.787099583423113
"2396","k = 48",0.771164619694031
"2397","k = 48",0.762326276664512
"2398","k = 48",0.773517830209007
"2399","k = 48",0.780784638478137
"2400","k = 48",0.816157743185607
"2401","k = 49",0.784408859114741
"2402","k = 49",0.791916702578467
"2403","k = 49",0.794761904761905
"2404","k = 49",0.807361919126625
"2405","k = 49",0.777098296440402
"2406","k = 49",0.77093253968254
"2407","k = 49",0.77343487394958
"2408","k = 49",0.79058954203691
"2409","k = 49",0.77183653206099
"2410","k = 49",0.799526951806364
"2411","k = 49",0.763630593262946
"2412","k = 49",0.781244070686795
"2413","k = 49",0.764109118006177
"2414","k = 49",0.803644598865187
"2415","k = 49",0.79279379890835
"2416","k = 49",0.798769841269841
"2417","k = 49",0.783755980861244
"2418","k = 49",0.779940476190476
"2419","k = 49",0.785325899590606
"2420","k = 49",0.797858309990663
"2421","k = 49",0.77164205763277
"2422","k = 49",0.788614612511671
"2423","k = 49",0.801296868803263
"2424","k = 49",0.820603375382787
"2425","k = 49",0.771724305106658
"2426","k = 49",0.760442253824607
"2427","k = 49",0.798453188967895
"2428","k = 49",0.790337301587302
"2429","k = 49",0.816431704260652
"2430","k = 49",0.808808846382376
"2431","k = 49",0.789437980320333
"2432","k = 49",0.799004898610162
"2433","k = 49",0.787570453282528
"2434","k = 49",0.791785714285714
"2435","k = 49",0.777934981684982
"2436","k = 49",0.811756299685866
"2437","k = 49",0.801806722689076
"2438","k = 49",0.729835972850679
"2439","k = 49",0.785056625091455
"2440","k = 49",0.770106119370825
"2441","k = 49",0.80422322775264
"2442","k = 49",0.794238849385908
"2443","k = 49",0.793262961238967
"2444","k = 49",0.807059525441878
"2445","k = 49",0.792694821518351
"2446","k = 49",0.771164619694031
"2447","k = 49",0.768278657616893
"2448","k = 49",0.773517830209007
"2449","k = 49",0.788665483123687
"2450","k = 49",0.805135870321629
"2451","k = 50",0.784408859114741
"2452","k = 50",0.799146899282348
"2453","k = 50",0.796698717948718
"2454","k = 50",0.800396825396825
"2455","k = 50",0.782634010726116
"2456","k = 50",0.763134920634921
"2457","k = 50",0.780339635854342
"2458","k = 50",0.790615511939041
"2459","k = 50",0.772461484593838
"2460","k = 50",0.799526951806364
"2461","k = 50",0.767746714070243
"2462","k = 50",0.776681476418319
"2463","k = 50",0.758394832291891
"2464","k = 50",0.803644598865187
"2465","k = 50",0.802071636224113
"2466","k = 50",0.777424315880198
"2467","k = 50",0.781785714285714
"2468","k = 50",0.791488095238095
"2469","k = 50",0.790005386770093
"2470","k = 50",0.776732744379803
"2471","k = 50",0.779032706199889
"2472","k = 50",0.799587912087912
"2473","k = 50",0.801296868803263
"2474","k = 50",0.813955325720032
"2475","k = 50",0.771724305106658
"2476","k = 50",0.765023701788408
"2477","k = 50",0.798367000646412
"2478","k = 50",0.791417670306989
"2479","k = 50",0.819940476190476
"2480","k = 50",0.788084415584416
"2481","k = 50",0.787115294835883
"2482","k = 50",0.805552517657781
"2483","k = 50",0.791695918460624
"2484","k = 50",0.786089204912734
"2485","k = 50",0.773708791208791
"2486","k = 50",0.800018796992481
"2487","k = 50",0.796271008403361
"2488","k = 50",0.729165589312648
"2489","k = 50",0.777678545654552
"2490","k = 50",0.777010881275587
"2491","k = 50",0.80422322775264
"2492","k = 50",0.801401906916613
"2493","k = 50",0.793262961238967
"2494","k = 50",0.802020202020202
"2495","k = 50",0.792694821518351
"2496","k = 50",0.767571644042232
"2497","k = 50",0.768278657616893
"2498","k = 50",0.774038730876966
"2499","k = 50",0.796463102171307
"2500","k = 50",0.78609022556391
